Personal Planta - junio 2020;06-2020;http://firma.providencia.cl/dsign/cgi/sdoc.exe/sdoc/document?id=UdwdA%2Br6SPOOka7%2BrZ6xlQ%3D%3D
Personal Planta - Mayo 2020;05-2020;http://firma.providencia.cl/dsign/cgi/sdoc.exe/sdoc/document?id=K4fZ6TP8hoGfzfL5H%2BSImA%3D%3D
Personal de Planta - Abril 2020;04-2020;http://firma.providencia.cl/dsign/cgi/sdoc.exe/sdoc/document?id=EcXCrCtyo45QqNMPAaklRA%3D%3D
Personal Planta- Marzo 2020;03-2020;http://firma.providencia.cl/dsign/cgi/sdoc.exe/sdoc/document?id=VgISR5AbXjgyKMhEWGge9A%3D%3D
Personal Planta - Febrero 2020;02-2020;http://firma.providencia.cl/dsign/cgi/sdoc.exe/sdoc/document?id=kTm3k9t5TrUISfbveFQIfw%3D%3D
Personal de Planta - Enero 2020;01-2020;http://firma.providencia.cl/dsign/cgi/sdoc.exe/sdoc/document?id=P9VUvGX1wTB%2BEglH4pjOeQ%3D%3D
Personal Planta - diciembre 2019;12-2019;http://firma.providencia.cl/dsign/cgi/sdoc.exe/sdoc/document?id=qlKO22oE2jTiwkcPblItlQ%3D%3D
Personal Planta - Noviembre 2019;11-2019;http://firma.providencia.cl/dsign/cgi/sdoc.exe/sdoc/document?id=vJFWTpSwKrccLj97ujDKag%3D%3D
Personal Planta - Octubre 2019;10-2019;http://firma.providencia.cl/dsign/cgi/sdoc.exe/sdoc/document?id=omnLNeunkOg%2F5prjzbBQJQ%3D%3D
Personal Planta - Septbre 2019;09-2019;http://firma.providencia.cl/dsign/cgi/sdoc.exe/sdoc/document?id=O2ziIxUj9lOYIw8IL3Kk%2BQ%3D%3D
Personal Planta - Agosto 2019;08-2019;http://firma.providencia.cl/dsign/cgi/sdoc.exe/sdoc/document?id=QZs9z7bAxNzv8rBZ4V6y4w%3D%3D
Personal de Planta - Julio 2019;07-2019;http://firma.providencia.cl/dsign/cgi/sdoc.exe/sdoc/document?id=e1Bq8Q9os%2BVfDnds44PWCA%3D%3D
Personal Planta - Junio 2019;06-2019;http://firma.providencia.cl/dsign/cgi/sdoc.exe/sdoc/document?id=AN30IpbhhxXZHEzOwp0l8A%3D%3D
Personal Planta - Mayo 2019;05-2019;http://firma.providencia.cl/dsign/cgi/sdoc.exe/sdoc/document?id=RKEnZrhyRE8i6C%2BDNxOR%2BQ%3D%3D
Personal Planta - Abril 2019;04-2019;http://firma.providencia.cl/dsign/cgi/sdoc.exe/sdoc/document?id=5hCu3OEKBPaEuTPIfCGd5Q%3D%3D
Personal Planta - Marzo 2019;03-2019;http://firma.providencia.cl/dsign/cgi/sdoc.exe/sdoc/document?id=lXJenO3RuqmMnnQDmlqlnQ%3D%3D
Personal Planta - Febrero 2019;02-2019;http://firma.providencia.cl/dsign/cgi/sdoc.exe/sdoc/document?id=X%2BVC%2BDAawrflB7lL5JARrQ%3D%3D
Personal Planta - Enero 2019;01-2019;http://firma.providencia.cl/dsign/cgi/sdoc.exe/sdoc/document?id=HWg3C%2Fe%2BSqOomP08sEaVOw%3D%3D
Personal Planta  - Diciembre 2018;12-2018;http://firma.providencia.cl/dsign/cgi/sdoc.exe/sdoc/document?id=r0i2ZrZJShttymLS7jfugw%3D%3D
Personal Planta - Noviembre 2018;11-2018;http://firma.providencia.cl/dsign/cgi/sdoc.exe/sdoc/document?id=uA%2FK15ZZKqx5gk4iTvxCmQ%3D%3D
Personal Planta - Octubre 2018;10-2018;http://firma.providencia.cl/dsign/cgi/sdoc.exe/sdoc/document?id=cBYST%2FnrxwenqzRAo7tlRg%3D%3D
Personal Planta - Septiembre 2018;09-2018;http://firma.providencia.cl/dsign/cgi/sdoc.exe/sdoc/document?id=znBf2uB6aKL7Ur11I28Wvw%3D%3D
Personal de Planta - Agosto 2018;08-2018;http://firma.providencia.cl/dsign/cgi/sdoc.exe/sdoc/document?id=p8KaYGw0UuDH1FkY1Avc2Q%3D%3D
Personal de Planta - Julio 2018;07-2018;http://firma.providencia.cl/dsign/cgi/sdoc.exe/sdoc/document?id=kcOP8xZzBbZMbQuBBp2ZKg%3D%3D
Personal de Planta - Junio 2018;06-2018;http://firma.providencia.cl/dsign/cgi/sdoc.exe/sdoc/document?id=ZTZacM6IGetKKWQvSZsZJA%3D%3D
Personal de Planta - Mayo 2018;05-2018;http://firma.providencia.cl/dsign/cgi/sdoc.exe/sdoc/document?id=b%2FhhwnvahO3DebKkipWTPg%3D%3D
Personal Planta - Abril 2018;04-2018;http://firma.providencia.cl/dsign/cgi/sdoc.exe/sdoc/document?id=FX0H6RlseFOBQMWGevS8wQ%3D%3D
Personal de Planta - Marzo 2018;03-2018;http://firma.providencia.cl/dsign/cgi/sdoc.exe/sdoc/document?id=ERYKlEm%2Fsi18Rq0YyKebSQ%3D%3D
Personal de Planta - Febrero 2018;02-2018;http://firma.providencia.cl/dsign/cgi/sdoc.exe/sdoc/document?id=kHzPe9zVg15UZk11t8ZqBA%3D%3D
Personal Palnta - Enero 2018;01-2018;http://firma.providencia.cl/dsign/cgi/sdoc.exe/sdoc/document?id=RKHW3wcunSpmoUBFzi2ieQ%3D%3D
Personal de Planta  - Diciembre 2017;12-2017;http://firma.providencia.cl/dsign/cgi/sdoc.exe/sdoc/document?id=NAOa0GxWjc41%2FUP7SOPbWA%3D%3D
Personal de Planta - Noviembre 2017;11-2017;http://firma.providencia.cl/dsign/cgi/sdoc.exe/sdoc/document?id=ckkzfFWX03XP%2FkVJTJg2gg%3D%3D
Personal de Planta - Octubre 2017;10-2017;http://firma.providencia.cl/dsign/cgi/sdoc.exe/sdoc/document?id=8rUEwDHzPvGbU7F5Jjn4rw%3D%3D
Personal de Planta - Septiembre 2017;09-2017;http://firma.providencia.cl/dsign/cgi/sdoc.exe/sdoc/document?id=zP%2FHwr%2Bd2%2Fn9kYwhh7%2FApw%3D%3D
Personal de Planta - Agosto 2017;08-2017;http://firma.providencia.cl/dsign/cgi/sdoc.exe/sdoc/document?id=v8FB62%2BE1BmhlxMFdEPuwg%3D%3D
Personal Planta - Julio 2017;07-2017;http://firma.providencia.cl/dsign/cgi/sdoc.exe/sdoc/document?id=%2BZRavqY10Sjk73SjZmL%2Bjg%3D%3D
Personal de Planta - Junio 2017;06-2017;http://firma.providencia.cl/dsign/cgi/sdoc.exe/sdoc/document?id=dS8ZKWY05fVnh%2FH7z2mT9g%3D%3D
Personal Planta - Mayo 2017;05-2017;http://firma.providencia.cl/dsign/cgi/sdoc.exe/sdoc/document?id=KjlJjJMkHVXQOdAYB3zyOQ%3D%3D
Personal de Planta - Abril 2017;04-2017;http://firma.providencia.cl/dsign/cgi/sdoc.exe/sdoc/document?id=RA1eJ7G1FOrVG9x1jOdKOA%3D%3D
Personal Planta - Marzo 2017;03-2017;http://firma.providencia.cl/dsign/cgi/sdoc.exe/sdoc/document?id=8oPNDrIGtoj8q94QqVx0lw%3D%3D
Personal de Planta - Febrero 2017;02-2017;http://firma.providencia.cl/dsign/cgi/sdoc.exe/sdoc/document?id=1vKbBLx%2FrslTHcDPyAkc7w%3D%3D
Personal Planta - Enero 2017;01-2017;http://firma.providencia.cl/dsign/cgi/sdoc.exe/sdoc/document?id=9W4BzrC6kmk9uGiHLY3dqA%3D%3D
Personal de Planta - Diciembre 2016;12-2016;http://firma.providencia.cl/dsign/cgi/sdoc.exe/sdoc/document?id=9goWIXz8OQFqiWivjqHTug%3D%3D
Personal de Planta - Noviembre 2016;11-2016;http://firma.providencia.cl/dsign/cgi/sdoc.exe/sdoc/document?id=DizSALDAhcbCojAux2qv9A%3D%3D
Personal de Planta - Octubre 2016;10-2016;http://firma.providencia.cl/dsign/cgi/sdoc.exe/sdoc/document?id=aAmF%2FRM8xyGfQR0K4HsNww%3D%3D
Personal Planta - Septbre 2016;09-2016;http://firma.providencia.cl/dsign/cgi/sdoc.exe/sdoc/document?id=KMlXroxrauCjHMAT5QiZYQ%3D%3D
Personal de Planta - Agosto 2016;08-2016;http://firma.providencia.cl/dsign/cgi/sdoc.exe/sdoc/document?id=3MqmUBV8NZxuEIJ3ITEoww%3D%3D
Personal de Planta - Julio 2016;07-2016;http://firma.providencia.cl/dsign/cgi/sdoc.exe/sdoc/document?id=8pJ67PF9Km3sFrtOLIFmRg%3D%3D
Personal de Planta - Junio 2016;06-2016;http://firma.providencia.cl/dsign/cgi/sdoc.exe/sdoc/document?id=DZHPMMSx92chfZQQ0hrSqg%3D%3D
PERSONAL DE PLANTA - MAYO 2016;05-2016;http://firma.providencia.cl/dsign/cgi/sdoc.exe/sdoc/document?id=kFuLojAXfgUzZ4eA%2BjCKNA%3D%3D
Personal de Planta - Abril 2016;04-2016;http://firma.providencia.cl/dsign/cgi/sdoc.exe/sdoc/document?id=5rQGaWHXoe1EIzuit0KTfg%3D%3D
Personal Planta - Marzo 2016;03-2016;http://firma.providencia.cl/dsign/cgi/sdoc.exe/sdoc/document?id=gVBoOWOGBXj26inAjjMU7Q%3D%3D
Personal de Planta - Febrero 2016;02-2016;http://firma.providencia.cl/dsign/cgi/sdoc.exe/sdoc/document?id=lAwM%2BH2g4tMWEhML50WbAA%3D%3D
Personal de Planta - Enero 2016;01-2016;http://firma.providencia.cl/dsign/cgi/sdoc.exe/sdoc/document?id=xuySDFE9439odOHpfOJYuQ%3D%3D
Personal Planta - Diciembre 2015;12-2015;http://firma.providencia.cl/dsign/cgi/sdoc.exe/sdoc/document?id=wtEN7LxsB0Qik0c1BeoRfQ%3D%3D
Personal de Planta - Noviembre 2015;11-2015;http://firma.providencia.cl/dsign/cgi/sdoc.exe/sdoc/document?id=eaAOM17HyKsT4SRu2Qhf2g%3D%3D
Personal de Planta - Octubre 2015;10-2015;http://firma.providencia.cl/dsign/cgi/sdoc.exe/sdoc/document?id=wN%2FaXtn9yMG7i59ad5vz%2Fg%3D%3D
Personal  Planta - Septiembre 2015;09-2015;http://firma.providencia.cl/dsign/cgi/sdoc.exe/sdoc/document?id=tYsu3CwoVGuoNJQAJG6hTw%3D%3D
Personal Planta - Agosto 2015;08-2015;http://firma.providencia.cl/dsign/cgi/sdoc.exe/sdoc/document?id=3r3KRyIeXk1mhbtXnEoBCw%3D%3D
Personal de Planta - Julio 2015;07-2015;http://firma.providencia.cl/dsign/cgi/sdoc.exe/sdoc/document?id=vdb7DzYI5PPtUf8whsOQhA%3D%3D
Personal de Planta - Junio 2015;06-2015;http://firma.providencia.cl/dsign/cgi/sdoc.exe/sdoc/document?id=58ffui1XzYS7vveVzfSBiA%3D%3D
Personal de Planta - Mayo 2015;05-2015;http://firma.providencia.cl/dsign/cgi/sdoc.exe/sdoc/document?id=23%2FH6W1j1qj6KRyFI9EzCg%3D%3D
Personal Planta - Abril 2015;04-2015;http://firma.providencia.cl/dsign/cgi/sdoc.exe/sdoc/document?id=%2BwyXVbihlZQf%2FLf3VQnIRw%3D%3D
Personal de Planta - Marzo 2015;03-2015;http://firma.providencia.cl/dsign/cgi/sdoc.exe/sdoc/document?id=x82al%2BI6agKgnpASWfEA%2Bw%3D%3D
Personal Planta - Febrero 2015;02-2015;http://firma.providencia.cl/dsign/cgi/sdoc.exe/sdoc/document?id=95ZuVRyc25ifHT0sIV1lZg%3D%3D
Personal de Planta - Enero 2015;01-2015;http://firma.providencia.cl/dsign/cgi/sdoc.exe/sdoc/document?id=e0o3rkqjwZS187dUitNy2A%3D%3D
Personal de Planta - Diciembre 2014;12-2014;http://firma.providencia.cl/dsign/cgi/sdoc.exe/sdoc/document?id=6uFp0IySgnAIF%2Fe5KJ3yxg%3D%3D
Personal de Planta - Noviembre 2014;11-2014;http://firma.providencia.cl/dsign/cgi/sdoc.exe/sdoc/document?id=zvRBasnt0hFeCpDsMPBRAg%3D%3D
Personal Planta - Octubre 2014;10-2014;http://firma.providencia.cl/dsign/cgi/sdoc.exe/sdoc/document?id=3Ofv%2BlOf3lEF7E8wQKPsHA%3D%3D
"Personal de Planta - Septiembre ";09-2014;http://firma.providencia.cl/dsign/cgi/sdoc.exe/sdoc/document?id=iJePwCMMszUh6yqVhdYImg%3D%3D
Personal de Planta - Agosto 2014;08-2014;http://firma.providencia.cl/dsign/cgi/sdoc.exe/sdoc/document?id=IfIIog98tm0jbAj5nWwXGw%3D%3D
Personal Planta - Julio 2014;07-2014;http://firma.providencia.cl/dsign/cgi/sdoc.exe/sdoc/document?id=wrVUhuMjPTnSNMU5aF1%2FFA%3D%3D
ACLARACION TRANSPARENCIA MUNICIPAL;06-2014;http://firma.providencia.cl/dsign/cgi/sdoc.exe/sdoc/document?id=Ai%2FqYskVAwc1saPR88i1lA%3D%3D
Personal Planta - Junio 2014;06-2014;http://firma.providencia.cl/dsign/cgi/sdoc.exe/sdoc/document?id=N8ez9DQAhkqDTnKjVOX2eg%3D%3D
Personal de Planta - Mayo 2014;05-2014;http://firma.providencia.cl/dsign/cgi/sdoc.exe/sdoc/document?id=DVryI8yaweXCuZ8UB7gEnw%3D%3D
Personal de Planta - Abril 2014;04-2014;http://firma.providencia.cl/dsign/cgi/sdoc.exe/sdoc/document?id=UJGfpT2ti3pdNjm%2B90ZvvQ%3D%3D
Personal Planta - Marzo 2014;03-2014;http://firma.providencia.cl/dsign/cgi/sdoc.exe/sdoc/document?id=A7EWjQDErvGU%2Fwtk5FzHoQ%3D%3D
Personal de Planta - Febrero 2014;02-2014;http://firma.providencia.cl/dsign/cgi/sdoc.exe/sdoc/document?id=sfRvQem8BLJmOfqYmAigLw%3D%3D
Personal de Planta - Enero 2014;01-2014;http://firma.providencia.cl/dsign/cgi/sdoc.exe/sdoc/document?id=D8znlBojVpipvaMnqB2Grg%3D%3D
Personal de Planta - Diciembre 2013;12-2013;http://firma.providencia.cl/dsign/cgi/sdoc.exe/sdoc/document?id=Xh4i3dMIqx%2F14JrrIQlUaA%3D%3D
"Personal Planta - Noviembre 2013
";11-2013;http://firma.providencia.cl/dsign/cgi/sdoc.exe/sdoc/document?id=bF14EJFFgMo7VUfYJSiDSg%3D%3D
Personal de Planta - Octubre 2013;10-2013;http://firma.providencia.cl/dsign/cgi/sdoc.exe/sdoc/document?id=IluBFvhcNUWsSQ9GWliqOw%3D%3D
Personal de Planta - Septbre 2013;09-2013;http://firma.providencia.cl/dsign/cgi/sdoc.exe/sdoc/document?id=mhUpM4Axj%2B3Xz3LjwGb9Cg%3D%3D
Personal de Planta - Agosto 2013;08-2013;http://firma.providencia.cl/dsign/cgi/sdoc.exe/sdoc/document?id=JYVXyMf793dn5cXeQHTtmg%3D%3D
Personal Planta - Julio 2013;07-2013;http://firma.providencia.cl/dsign/cgi/sdoc.exe/sdoc/document?id=zzbhzN3FojU4ut%2FwYTDBkA%3D%3D
Personal Planta - Junio 2013;06-2013;http://firma.providencia.cl/dsign/cgi/sdoc.exe/sdoc/document?id=dkFp7tsHL5eImLBLjHO4ew%3D%3D
Personal de Planta - Mayo 2013;05-2013;http://firma.providencia.cl/dsign/cgi/sdoc.exe/sdoc/document?id=78ds6OVIcdNeaDFgAdOAeQ%3D%3D
Personal de Planta - Abril 2013;04-2013;http://firma.providencia.cl/dsign/cgi/sdoc.exe/sdoc/document?id=Tj7p6s%2BZUStNPq%2BGIt6jqg%3D%3D
Personal de Planta - Marzo 2013;03-2013;http://firma.providencia.cl/dsign/cgi/sdoc.exe/sdoc/document?id=iRSmYrdGcUvR0rHadbrONQ%3D%3D
Personal de Planta  - Febrero 2013;02-2013;http://firma.providencia.cl/dsign/cgi/sdoc.exe/sdoc/document?id=KdS7YEZ15iAgUzIze5UNBA%3D%3D
Personal de planta - Enero 2013;01-2013;http://firma.providencia.cl/dsign/cgi/sdoc.exe/sdoc/document?id=80SJMvk8gT2NQyIOKoVMsA%3D%3D
Personal  Planta - Diciembre 2012;12-2012;http://firma.providencia.cl/dsign/cgi/sdoc.exe/sdoc/document?id=BI%2FAd5QVLss2vBgIkK1hCg%3D%3D
Personal de Planta - Noviembre 2012;11-2012;http://firma.providencia.cl/dsign/cgi/sdoc.exe/sdoc/document?id=jVeZ1DxILYDLYZCGQLes5A%3D%3D
Personal de Planta - Octubre 2012;10-2012;http://firma.providencia.cl/dsign/cgi/sdoc.exe/sdoc/document?id=K5OaDFNhngXnkftxUqRvYQ%3D%3D
Personal de Planta - Septiembre 2012;09-2012;http://firma.providencia.cl/dsign/cgi/sdoc.exe/sdoc/document?id=NBPLirvYXXftVnA6OlJHOA%3D%3D
Personal de Planta - Agosto 2012;08-2012;http://firma.providencia.cl/dsign/cgi/sdoc.exe/sdoc/document?id=UJkifFthjiC8OkEwHEs%2B1g%3D%3D
Personal de Planta - Julio 2012;07-2012;http://firma.providencia.cl/dsign/cgi/sdoc.exe/sdoc/document?id=J0AiT7Ub9FE%2BgQV3UG7MpA%3D%3D
Personal de Planta - Junio 2012;06-2012;http://firma.providencia.cl/dsign/cgi/sdoc.exe/sdoc/document?id=VKO1W7lFhWW0uQNylKY48A%3D%3D
Personal de Planta - Mayo 2012;05-2012;http://firma.providencia.cl/dsign/cgi/sdoc.exe/sdoc/document?id=qRdwlyzTUkAbwZeKyDPB1A%3D%3D
Personal de Planta - Abril 2012;04-2012;http://firma.providencia.cl/dsign/cgi/sdoc.exe/sdoc/document?id=3GUmHuja4eKrUm4lActPEg%3D%3D
Personal a Planta - Marzo 2012;03-2012;http://firma.providencia.cl/dsign/cgi/sdoc.exe/sdoc/document?id=TNkoyeENzs7lZxWzD86bPA%3D%3D
Personal de Planta - Febrero 2012;02-2012;http://firma.providencia.cl/dsign/cgi/sdoc.exe/sdoc/document?id=XyFcWqXWSyFlqUlGsa2nUA%3D%3D
Personal de Planta - Enero 2012;01-2012;http://firma.providencia.cl/dsign/cgi/sdoc.exe/sdoc/document?id=LZC1cxCz%2Bc5dggYAu2n3bw%3D%3D
Personal de Planta - Diciembre 2011;12-2011;http://firma.providencia.cl/dsign/cgi/sdoc.exe/sdoc/document?id=rITdH%2BkaIO8DF0eomkNGtA%3D%3D
Personal de Planta - Noviembre 2011;11-2011;http://firma.providencia.cl/dsign/cgi/sdoc.exe/sdoc/document?id=zJq2W4k3QHIA6yQ6hSFC0A%3D%3D
Personal de Planta - Octubre 2011;10-2011;http://firma.providencia.cl/dsign/cgi/sdoc.exe/sdoc/document?id=W6mwA5P36Ey4oNuO4r9V4w%3D%3D
Personal de Planta - Septiembre 2011;09-2011;http://firma.providencia.cl/dsign/cgi/sdoc.exe/sdoc/document?id=IlUee0%2FHDZEudpSV7Ej0lA%3D%3D
Personal de Planta - Agosto 2011;08-2011;http://firma.providencia.cl/dsign/cgi/sdoc.exe/sdoc/document?id=5VWuiDPfQypmrC35WddRxA%3D%3D
Personal de Planta - Julio 2011;07-2011;http://firma.providencia.cl/dsign/cgi/sdoc.exe/sdoc/document?id=W1mj0o3o%2BbTl6RVlBIT6Lg%3D%3D
Personal de Planta - Junio 2011;06-2011;http://firma.providencia.cl/dsign/cgi/sdoc.exe/sdoc/document?id=3xI2hcLWfCTpnONFcNTP%2BA%3D%3D
Personal Planta - Mayo 2011;05-2011;http://firma.providencia.cl/dsign/cgi/sdoc.exe/sdoc/document?id=AWJlwCYmNnnpKbqo80yhfQ%3D%3D
Personal Planta - Abril 2011;04-2011;http://firma.providencia.cl/dsign/cgi/sdoc.exe/sdoc/document?id=JhV70wGG4qn1W4BvW1AzXQ%3D%3D
Personal de Planta - Marzo 2011;03-2011;http://firma.providencia.cl/dsign/cgi/sdoc.exe/sdoc/document?id=d7Yb6DZlktpWOzJQNlodPQ%3D%3D
Personal Planta - Febrero 2011;02-2011;http://firma.providencia.cl/dsign/cgi/sdoc.exe/sdoc/document?id=helsRwXAx2LQk7D8XxL9Dw%3D%3D
Personal  Planta - Enero 2011;01-2011;http://firma.providencia.cl/dsign/cgi/sdoc.exe/sdoc/document?id=XGfPN6iqVj%2BVGmioeAhyhA%3D%3D
Personal Planta - Diciembre 2010;12-2010;http://firma.providencia.cl/dsign/cgi/sdoc.exe/sdoc/document?id=C6RJ2sME1FSqqFnxSt6c3g%3D%3D
Personal Planta - Noviembre 2010;11-2010;http://firma.providencia.cl/dsign/cgi/sdoc.exe/sdoc/document?id=kpWT6LPdADjufNPw9e9CQA%3D%3D
Personal Planta - Octubre 2010;10-2010;http://firma.providencia.cl/dsign/cgi/sdoc.exe/sdoc/document?id=BSUpfz95WvB%2FZ88%2BSKf3tA%3D%3D
Personal Planta - Septiembre  2010;09-2010;http://firma.providencia.cl/dsign/cgi/sdoc.exe/sdoc/document?id=TBtdyBwq3lYxWuWim6jUJQ%3D%3D
Personal Planta - Agosto 2010;08-2010;http://firma.providencia.cl/dsign/cgi/sdoc.exe/sdoc/document?id=hsU%2BSGvMMV5ZscuKsFpYYQ%3D%3D
Personal Planta - Julio 2010;07-2010;http://firma.providencia.cl/dsign/cgi/sdoc.exe/sdoc/document?id=tzL9hZW6wBrw%2BwSESZsqhg%3D%3D
Personal Planta - Junio 2010;06-2010;http://firma.providencia.cl/dsign/cgi/sdoc.exe/sdoc/document?id=buoFn6oV2L8XzFMBIlM7DQ%3D%3D
Personal Planta - Mayo 2010;05-2010;http://firma.providencia.cl/dsign/cgi/sdoc.exe/sdoc/document?id=n%2F%2FMZpbkBN4oVh3K9AuP6Q%3D%3D
Personal Planta - Abril 2010;04-2010;http://firma.providencia.cl/dsign/cgi/sdoc.exe/sdoc/document?id=6YHh6VDgl4gppOIWF6hcWg%3D%3D
Personal Suplente - Abril  2010;04-2010;http://firma.providencia.cl/dsign/cgi/sdoc.exe/sdoc/document?id=hLY5K%2FHPjmOEEhe3kd700A%3D%3D
Personal Planta - Marzo 2010;03-2010;http://firma.providencia.cl/dsign/cgi/sdoc.exe/sdoc/document?id=fq%2BEv3Rdb7Nl%2Bmgf7cOpkw%3D%3D
Personal Suplente - Marzo 2010;03-2010;http://firma.providencia.cl/dsign/cgi/sdoc.exe/sdoc/document?id=Lwi18tYuKA%2FU0HHQEYk%2FNA%3D%3D
Personal Planta - Febrero 2010;02-2010;http://firma.providencia.cl/dsign/cgi/sdoc.exe/sdoc/document?id=KhTDPOyYpg1XikpleUo0sA%3D%3D
Personal de Planta - Enero 2010;01-2010;http://firma.providencia.cl/dsign/cgi/sdoc.exe/sdoc/document?id=jEf8Oucnz51svGa4kvyNFg%3D%3D
Personal Suplente - Enero 2010;01-2010;http://firma.providencia.cl/dsign/cgi/sdoc.exe/sdoc/document?id=jDWi%2BwYlAPb6lF4MOx82cg%3D%3D
Personal de Planta - Diciembre 2009;12-2009;http://firma.providencia.cl/dsign/cgi/sdoc.exe/sdoc/document?id=wVrB6z8dNYo9EQ7GXErLxQ%3D%3D
Personal Planta - Noviembre 2009;11-2009;http://firma.providencia.cl/dsign/cgi/sdoc.exe/sdoc/document?id=90L3HvBFRnwayZOa09Rs7w%3D%3D
Personal Planta - Octubre 2009;10-2009;http://firma.providencia.cl/dsign/cgi/sdoc.exe/sdoc/document?id=7xCr0qS1JyHCbYtX3efb7w%3D%3D
Personal Planta - Septiembre 2009;09-2009;http://firma.providencia.cl/dsign/cgi/sdoc.exe/sdoc/document?id=C9wOp7%2F9beHljd55fhRMZA%3D%3D
Personal de Planta - Agosto 2009;08-2009;http://firma.providencia.cl/dsign/cgi/sdoc.exe/sdoc/document?id=zbq08e5jRr%2BbpHnr4F85DA%3D%3D
Personal Suplente - Julio 2009;07-2009;http://firma.providencia.cl/dsign/cgi/sdoc.exe/sdoc/document?id=J8P4z1C3NYUYBWesPl%2BEyA%3D%3D
Personal de Planta - Julio 2009;07-2009;http://firma.providencia.cl/dsign/cgi/sdoc.exe/sdoc/document?id=1yGLhnlQdnr0Ezbw%2BQECrg%3D%3D
Personal Planta - Junio 2009;06-2009;http://firma.providencia.cl/dsign/cgi/sdoc.exe/sdoc/document?id=5X%2BD8CKYURS9FT%2BzfFANig%3D%3D
Personal Suplente - Junio 2009;06-2009;http://firma.providencia.cl/dsign/cgi/sdoc.exe/sdoc/document?id=kKOv2XUZunHIGOSsHSvHKQ%3D%3D
Personal Suplente - Mayo 2009;05-2009;http://firma.providencia.cl/dsign/cgi/sdoc.exe/sdoc/document?id=k4whkjcSt3RR76ntYcL0BQ%3D%3D
Personal Planta - Mayo 2009;05-2009;http://firma.providencia.cl/dsign/cgi/sdoc.exe/sdoc/document?id=GbKl6pEJIaE7D%2F8C%2FRjAVw%3D%3D
Personal de Planta - Abril 2009;04-2009;http://firma.providencia.cl/dsign/cgi/sdoc.exe/sdoc/document?id=81JUmMrEnXa%2Bi%2FY%2BetJP8A%3D%3D
Personal de Planta - Marzo 2009;03-2009;http://firma.providencia.cl/dsign/cgi/sdoc.exe/sdoc/document?id=nty3%2Ftml5j3R8J34xr4zAA%3D%3D
Personal Suplente - Marzo 2009;03-2009;http://firma.providencia.cl/dsign/cgi/sdoc.exe/sdoc/document?id=TOOAghOmweiOmfwAz2rIjw%3D%3D
