Personal Contrata - junio 2020;06-2020;http://firma.providencia.cl/dsign/cgi/sdoc.exe/sdoc/document?id=tSkX1d2VZ0RxLGqPIk00Aw%3D%3D
Personal Contrata - Mayo 2020;05-2020;http://firma.providencia.cl/dsign/cgi/sdoc.exe/sdoc/document?id=i035xdnAM4b0X02m1WV6NA%3D%3D
Personal a Contrata - Abril 2020;04-2020;http://firma.providencia.cl/dsign/cgi/sdoc.exe/sdoc/document?id=%2BEf2yJZI45IdJQtJDIad%2Fg%3D%3D
Personal Contrata - Marzo 2020;03-2020;http://firma.providencia.cl/dsign/cgi/sdoc.exe/sdoc/document?id=T6%2BU5cCYEuSEwaWsSBpjnA%3D%3D
Personal Contrata - Febrero 2020;02-2020;http://firma.providencia.cl/dsign/cgi/sdoc.exe/sdoc/document?id=x11pFInQAzSjMTMIgkY37Q%3D%3D
Personal Contrata - Enero 2020;01-2020;http://firma.providencia.cl/dsign/cgi/sdoc.exe/sdoc/document?id=pg9t%2B73cnZHdHeuvw6jdeg%3D%3D
Personal Contrata - Diciembre 2019;12-2019;http://firma.providencia.cl/dsign/cgi/sdoc.exe/sdoc/document?id=rqwV57dEwDxrFnFhq92cLQ%3D%3D
Personal Contrata - Noviembre 2019;11-2019;http://firma.providencia.cl/dsign/cgi/sdoc.exe/sdoc/document?id=%2B7piywC5X9OfIdBowGg8gw%3D%3D
Personal Contrata - Octubre 2019;10-2019;http://firma.providencia.cl/dsign/cgi/sdoc.exe/sdoc/document?id=wh7xXtXNrAclV4CspBxjOg%3D%3D
Personal Contrata - Septbre 2019;09-2019;http://firma.providencia.cl/dsign/cgi/sdoc.exe/sdoc/document?id=s9WmnT5yrWEs2p6RV%2Fvgbw%3D%3D
Personal Contrata - Agosto 2019;08-2019;http://firma.providencia.cl/dsign/cgi/sdoc.exe/sdoc/document?id=D5kgI7pEHxbjmpcFyxh9yQ%3D%3D
Personal Contrata  - Julio 2019;07-2019;http://firma.providencia.cl/dsign/cgi/sdoc.exe/sdoc/document?id=VVm1oJjm3pNk7aglb4khcA%3D%3D
Personal Contrata - Junio 2019;06-2019;http://firma.providencia.cl/dsign/cgi/sdoc.exe/sdoc/document?id=sYYz%2FrBU4stADget6wpiNA%3D%3D
Personal Contrata - Mayo 2019;05-2019;http://firma.providencia.cl/dsign/cgi/sdoc.exe/sdoc/document?id=cDn2gITxK0GfCpDyXOsrIg%3D%3D
Personal Contrata - Abril 2019;04-2019;http://firma.providencia.cl/dsign/cgi/sdoc.exe/sdoc/document?id=8tkBNwvbV2%2FX%2Foob9wHCSA%3D%3D
Personal Contrata - Marzo 2019;03-2019;http://firma.providencia.cl/dsign/cgi/sdoc.exe/sdoc/document?id=dcQ7ky1QQ7F25qWJGr4H4w%3D%3D
Personal Contrata - Febrero 2019;02-2019;http://firma.providencia.cl/dsign/cgi/sdoc.exe/sdoc/document?id=jVpR7Exmh9TsZuoDQEcU%2FQ%3D%3D
Personal Contrata - Enero 2019;01-2019;http://firma.providencia.cl/dsign/cgi/sdoc.exe/sdoc/document?id=TExkH3FeTeNuedZli%2B%2ByGA%3D%3D
Personal Contrata - Diciembre 2018;12-2018;http://firma.providencia.cl/dsign/cgi/sdoc.exe/sdoc/document?id=No99x4%2F385ak9pNH6FW2Eg%3D%3D
Personal Contrata - Noviembre 2018;11-2018;http://firma.providencia.cl/dsign/cgi/sdoc.exe/sdoc/document?id=pTAfYpwC2%2Bp%2Bj8T4FoEDhg%3D%3D
Personal a Contrata - Octubre 2018;10-2018;http://firma.providencia.cl/dsign/cgi/sdoc.exe/sdoc/document?id=7%2FfPeHQhEn8UkGjW5gK%2Fag%3D%3D
Personal a Contrata - Septiembre 2018;09-2018;http://firma.providencia.cl/dsign/cgi/sdoc.exe/sdoc/document?id=O97nAx2e3ro2%2Bv3f0S1DiQ%3D%3D
Personal a Contrata - Agosto 2018;08-2018;http://firma.providencia.cl/dsign/cgi/sdoc.exe/sdoc/document?id=Nr0QtzQYCa3LFUxA9zOHoQ%3D%3D
Personal Contrata - Julio 2018;07-2018;http://firma.providencia.cl/dsign/cgi/sdoc.exe/sdoc/document?id=17wuz5sqgKv9wJlxBYUFzA%3D%3D
Personal de Contrata -Junio 2018;06-2018;http://firma.providencia.cl/dsign/cgi/sdoc.exe/sdoc/document?id=71ZFEHoQxrf60GDPHdP7Bg%3D%3D
Personal Contrata - Mayo 2018;05-2018;http://firma.providencia.cl/dsign/cgi/sdoc.exe/sdoc/document?id=iSBnOZADBb%2BbqteR9iIUXw%3D%3D
Personal a Contrata - Abril 2018;04-2018;http://firma.providencia.cl/dsign/cgi/sdoc.exe/sdoc/document?id=JycCtwvAADvDEU2iGdWuCQ%3D%3D
Personal a Contrata - Marzo 2018;03-2018;http://firma.providencia.cl/dsign/cgi/sdoc.exe/sdoc/document?id=WVgVT3FaK1Z8ifK8%2FtR5SA%3D%3D
Personal a Contrata - Febrero 2018;02-2018;http://firma.providencia.cl/dsign/cgi/sdoc.exe/sdoc/document?id=z98g7VUMtWnov5YV7%2B2Q%2BA%3D%3D
Personal Contrata - Enero 2018;01-2018;http://firma.providencia.cl/dsign/cgi/sdoc.exe/sdoc/document?id=7MBq7lOIHDStbxIundRaaQ%3D%3D
Personal a Contrata - Diciembre 2017;12-2017;http://firma.providencia.cl/dsign/cgi/sdoc.exe/sdoc/document?id=S3TQmjpGZONTr5kkCYWTUw%3D%3D
Personal Contrata - Noviembre 2017;11-2017;http://firma.providencia.cl/dsign/cgi/sdoc.exe/sdoc/document?id=cUQm0AkNINGftNf0o1nqvw%3D%3D
Personal a Contrata - Octubre 2017;10-2017;http://firma.providencia.cl/dsign/cgi/sdoc.exe/sdoc/document?id=dVZS122eZW8hEipjf2XX5A%3D%3D
Personal a Contrata - Septiembre 2017;09-2017;http://firma.providencia.cl/dsign/cgi/sdoc.exe/sdoc/document?id=%2BSJQKpiic%2BNciiVdWUlPcA%3D%3D
Personal Contrata - Agosto 2017;08-2017;http://firma.providencia.cl/dsign/cgi/sdoc.exe/sdoc/document?id=MOX6o48rKOORO%2BRDTpFcjA%3D%3D
Personal Contrata - Julio 2017;07-2017;http://firma.providencia.cl/dsign/cgi/sdoc.exe/sdoc/document?id=wTh6Ke1i63jXKDtX1tLpyg%3D%3D
Personal a Contrata - Junio 2017;06-2017;http://firma.providencia.cl/dsign/cgi/sdoc.exe/sdoc/document?id=3eFb%2BVzzaf8prBiuCQ%2BWLg%3D%3D
Personal a Contrata - Mayo 2017;05-2017;http://firma.providencia.cl/dsign/cgi/sdoc.exe/sdoc/document?id=ZJsfdgoiTKwllEPlXnnb9w%3D%3D
Personal a Contrata - Abril 2017;04-2017;http://firma.providencia.cl/dsign/cgi/sdoc.exe/sdoc/document?id=Oj7tgkl5yrB6aPcqlXvFaw%3D%3D
Personal a Contrata - Marzo 2017;03-2017;http://firma.providencia.cl/dsign/cgi/sdoc.exe/sdoc/document?id=pMkMhtSDftDnhKT6NjY2DQ%3D%3D
Personal a Contrata - Febrero 2017;02-2017;http://firma.providencia.cl/dsign/cgi/sdoc.exe/sdoc/document?id=4O9k%2FG8ZKPpvGJbWNKBPYg%3D%3D
Personal a Contrata - Enero 2017;01-2017;http://firma.providencia.cl/dsign/cgi/sdoc.exe/sdoc/document?id=ncQkkirIpNJG9chnK5cA8w%3D%3D
Personal a Contrata - Diciembre 2016;12-2016;http://firma.providencia.cl/dsign/cgi/sdoc.exe/sdoc/document?id=NIhGwTqTZ1yQpTkuGiZaUA%3D%3D
Personal a Contrata - Noviembre 2016;11-2016;http://firma.providencia.cl/dsign/cgi/sdoc.exe/sdoc/document?id=WFUaRs829LJH8SesAI7Cxg%3D%3D
Personal Contrata - Octubre 2016;10-2016;http://firma.providencia.cl/dsign/cgi/sdoc.exe/sdoc/document?id=kNYY8rC627G1OSVLnHnH8g%3D%3D
Personal a Contrata - Septbre 2016;09-2016;http://firma.providencia.cl/dsign/cgi/sdoc.exe/sdoc/document?id=Brcd8J2YaNE7t7m3St88FQ%3D%3D
Personal a Contrata - Agosto 2016;08-2016;http://firma.providencia.cl/dsign/cgi/sdoc.exe/sdoc/document?id=q19LIYAh0vuPzsYd67vwOQ%3D%3D
Personal a Contrata - Julio 2016;07-2016;http://firma.providencia.cl/dsign/cgi/sdoc.exe/sdoc/document?id=XXcGpjQ63Ib2FmKzYq1GyQ%3D%3D
Personal a Contrata - Junio 2016;06-2016;http://firma.providencia.cl/dsign/cgi/sdoc.exe/sdoc/document?id=TpkvqqPfeKnTlbRxyebqKQ%3D%3D
PERSONAL DE CONTRATA - MAYO 2016;05-2016;http://firma.providencia.cl/dsign/cgi/sdoc.exe/sdoc/document?id=muxUEITWcFpgOTiodFWKTQ%3D%3D
Personal a Contrata - Abril 2016;04-2016;http://firma.providencia.cl/dsign/cgi/sdoc.exe/sdoc/document?id=tW5eKzctjaLedo55IzSYoA%3D%3D
Personal Contrata - Marzo 2016;03-2016;http://firma.providencia.cl/dsign/cgi/sdoc.exe/sdoc/document?id=E3D%2BC96XuotR7RobtqwsWg%3D%3D
Personal Contrata - Febrero 2016;02-2016;http://firma.providencia.cl/dsign/cgi/sdoc.exe/sdoc/document?id=FK9rgSZrCmo1sXnRLQcEmw%3D%3D
Personal Contrata - Enero 2016;01-2016;http://firma.providencia.cl/dsign/cgi/sdoc.exe/sdoc/document?id=1uFQpAGzvNo7lE%2BJSKB5JQ%3D%3D
Personal Contrata - Diciembre 2015;12-2015;http://firma.providencia.cl/dsign/cgi/sdoc.exe/sdoc/document?id=NGx8e724GSLxPHz9d5Eyng%3D%3D
Personal Contrata - Noviembre 2015;11-2015;http://firma.providencia.cl/dsign/cgi/sdoc.exe/sdoc/document?id=e1bUKKy2GMya02V%2B5031gA%3D%3D
Personal a Contrata - Octubre 2015;10-2015;http://firma.providencia.cl/dsign/cgi/sdoc.exe/sdoc/document?id=qn2Wlx%2FlEaTmfeCGPVSjDQ%3D%3D
Personal Contrata - Septiembre 2015;09-2015;http://firma.providencia.cl/dsign/cgi/sdoc.exe/sdoc/document?id=V0JpLoVyt97t2RH6Vli2ow%3D%3D
Personal Contrata - Agosto 2015;08-2015;http://firma.providencia.cl/dsign/cgi/sdoc.exe/sdoc/document?id=H3ozMP9SXx6unmz8gCScpg%3D%3D
Personal a Contrata - Julio 2015;07-2015;http://firma.providencia.cl/dsign/cgi/sdoc.exe/sdoc/document?id=HKcP5YgnUlOx7lf%2BWz3kBQ%3D%3D
Personal a Contrata - Junio 2015;06-2015;http://firma.providencia.cl/dsign/cgi/sdoc.exe/sdoc/document?id=3HmITMcKKyVerclI3amlfA%3D%3D
Personal a Contrata - Mayo 2015;05-2015;http://firma.providencia.cl/dsign/cgi/sdoc.exe/sdoc/document?id=z2fkLC6G72IcdWt4u07g7A%3D%3D
Personal Contrata - Abril 2015;04-2015;http://firma.providencia.cl/dsign/cgi/sdoc.exe/sdoc/document?id=fSIZAwRzC%2Fow7%2B4XHsiHeg%3D%3D
Personal a Contrata - Marzo 2015;03-2015;http://firma.providencia.cl/dsign/cgi/sdoc.exe/sdoc/document?id=2TpmwJvSs8OYc0AeukiV8A%3D%3D
Personal Contrata - Febrero 2015;02-2015;http://firma.providencia.cl/dsign/cgi/sdoc.exe/sdoc/document?id=W9yH6MqjKTy0zmj%2B%2FWtSQA%3D%3D
Personal a Contrata - Enero 2015;01-2015;http://firma.providencia.cl/dsign/cgi/sdoc.exe/sdoc/document?id=WrcoFeOwHJ80Ut92atxv9w%3D%3D
Personal a Contrata - Diciembre 2014;12-2014;http://firma.providencia.cl/dsign/cgi/sdoc.exe/sdoc/document?id=5zqIAYunekp0MkJ8mHh80w%3D%3D
Personal a Contrata - Noviembre 2014;11-2014;http://firma.providencia.cl/dsign/cgi/sdoc.exe/sdoc/document?id=VHknKoRuJcSChiD5n3EEYg%3D%3D
Personal Contrata - Octubre 2014;10-2014;http://firma.providencia.cl/dsign/cgi/sdoc.exe/sdoc/document?id=4HbeLdh4jsH0yDZwAxqvyg%3D%3D
"Personal a Contrata - Septiembre ";09-2014;http://firma.providencia.cl/dsign/cgi/sdoc.exe/sdoc/document?id=Oh8%2FT9a%2BmJ7i9Sn7AMhX3A%3D%3D
Personal a Contrata - Agosto 2014;08-2014;http://firma.providencia.cl/dsign/cgi/sdoc.exe/sdoc/document?id=u6iTJUjKEecbcI63IQb1Mw%3D%3D
Personal Contrata - Julio 2014;07-2014;http://firma.providencia.cl/dsign/cgi/sdoc.exe/sdoc/document?id=2Hu6ozLAvWZHNWCl%2FpExKA%3D%3D
ACLARACIÓN TRANSPARENCIA MUNICIPAL;06-2014;http://firma.providencia.cl/dsign/cgi/sdoc.exe/sdoc/document?id=wt7P5A1vZrIo5WXzw2xBEQ%3D%3D
Personal Contrata - Junio 2014;06-2014;http://firma.providencia.cl/dsign/cgi/sdoc.exe/sdoc/document?id=ANzd55LoKMmx9bfA9UNCDA%3D%3D
Personal a Contrata - Mayo 2014;05-2014;http://firma.providencia.cl/dsign/cgi/sdoc.exe/sdoc/document?id=Q03atSiEYp0FWrtPcvbE0A%3D%3D
Personal a Contrata - Abril 2014;04-2014;http://firma.providencia.cl/dsign/cgi/sdoc.exe/sdoc/document?id=UnoV4RxzKjfkmXvtnx2zqA%3D%3D
Personal Contrata - Marzo 2014;03-2014;http://firma.providencia.cl/dsign/cgi/sdoc.exe/sdoc/document?id=xLpkBSLuVZ5MdbbMOuK2Kg%3D%3D
Personal a Contrata - Febrero 2014;02-2014;http://firma.providencia.cl/dsign/cgi/sdoc.exe/sdoc/document?id=RmXl2LvLicvazpPUOyPjlg%3D%3D
Personal a Contrata - Enero 2014;01-2014;http://firma.providencia.cl/dsign/cgi/sdoc.exe/sdoc/document?id=nPMxIpE5Z7Y%2Be27nqLkpkA%3D%3D
Personal a Contrata - Diciembre 2013;12-2013;http://firma.providencia.cl/dsign/cgi/sdoc.exe/sdoc/document?id=UFZa3d2l9LhjslJqO%2F6bMQ%3D%3D
Personal  Contrata - Noviembre 2013;11-2013;http://firma.providencia.cl/dsign/cgi/sdoc.exe/sdoc/document?id=oEQQQ%2Bi6dOKv54GSU8jo5A%3D%3D
Personal a Contrata - Octubre 2013;10-2013;http://firma.providencia.cl/dsign/cgi/sdoc.exe/sdoc/document?id=GO4mbrqhO4MtNU%2BIAfQA%2FQ%3D%3D
Personal a Contrata - Septbre 2013;09-2013;http://firma.providencia.cl/dsign/cgi/sdoc.exe/sdoc/document?id=bSJBdc2RamzRWk2b2dJ62Q%3D%3D
Personal a Contrata -  Agosto 2013;08-2013;http://firma.providencia.cl/dsign/cgi/sdoc.exe/sdoc/document?id=wvYu2MARibIg8I7wyEZaAA%3D%3D
Personal Contrata - Julio 2013;07-2013;http://firma.providencia.cl/dsign/cgi/sdoc.exe/sdoc/document?id=qhK42e3pd2lt5cJNtPy3XA%3D%3D
Personal a Contrata - Junio 2013;06-2013;http://firma.providencia.cl/dsign/cgi/sdoc.exe/sdoc/document?id=q95qLrfES4sA7f%2BBMyCAfw%3D%3D
Personal a Contrata - Mayo 2013;05-2013;http://firma.providencia.cl/dsign/cgi/sdoc.exe/sdoc/document?id=9irM7vUSRIxHhApljZHciA%3D%3D
Personal a Contrata - Abril 2013;04-2013;http://firma.providencia.cl/dsign/cgi/sdoc.exe/sdoc/document?id=WQfbDhQNhYx2JScSRm1bog%3D%3D
Personal a Contrata - Marzo 2013;03-2013;http://firma.providencia.cl/dsign/cgi/sdoc.exe/sdoc/document?id=0I6wPWqwiW05yEZ1udrfgQ%3D%3D
Personal Contrata - Febrero 2013;02-2013;http://firma.providencia.cl/dsign/cgi/sdoc.exe/sdoc/document?id=hEnBmQb3MlUKWZ2gFmv7Ww%3D%3D
Personal Contrata - Enero 2013;01-2013;http://firma.providencia.cl/dsign/cgi/sdoc.exe/sdoc/document?id=WFRffGQQwVKg5DqMgDrC5Q%3D%3D
Personal Contrata - Diciembre 2012;12-2012;http://firma.providencia.cl/dsign/cgi/sdoc.exe/sdoc/document?id=AQmLvUIE7b96Jf9DoK2KSA%3D%3D
Personal a Contrata - Noviembre 2012;11-2012;http://firma.providencia.cl/dsign/cgi/sdoc.exe/sdoc/document?id=5KjejxKr4b5pG8Wr6GrLmQ%3D%3D
Personal a Contrata - Octubre 2012;10-2012;http://firma.providencia.cl/dsign/cgi/sdoc.exe/sdoc/document?id=7Pnj8IRDqrLUWA3ZVRjAHw%3D%3D
Personal a Contrata - Septiembre 2012;09-2012;http://firma.providencia.cl/dsign/cgi/sdoc.exe/sdoc/document?id=2vQd7kobCTdMg2K1mz024w%3D%3D
Personal a Contrata - Agosto 2012;08-2012;http://firma.providencia.cl/dsign/cgi/sdoc.exe/sdoc/document?id=%2BCAY6zvgygTA8Aj%2FUGc%2FiA%3D%3D
Personal a Contrata - Julio 2012;07-2012;http://firma.providencia.cl/dsign/cgi/sdoc.exe/sdoc/document?id=XzU7YuxnTwlEofFAhuvTBg%3D%3D
Personal a Contrata - Junio 2012;06-2012;http://firma.providencia.cl/dsign/cgi/sdoc.exe/sdoc/document?id=0Da0WoAzKQZcnq9Tk%2F5piQ%3D%3D
Personal a Contrata - Mayo 2012;05-2012;http://firma.providencia.cl/dsign/cgi/sdoc.exe/sdoc/document?id=ap%2BjPTvJHG89p5vmYJYPkQ%3D%3D
Personal a Contrata - Abril 2012;04-2012;http://firma.providencia.cl/dsign/cgi/sdoc.exe/sdoc/document?id=Vl1Iw6tSKcRQiaKzy%2FAPaw%3D%3D
Personal de contrata - Marzo 2012;03-2012;http://firma.providencia.cl/dsign/cgi/sdoc.exe/sdoc/document?id=Pfu3Nr2WlgGoxq9NhA%2BBXg%3D%3D
Personal a Contrata - Febrero 2012;02-2012;http://firma.providencia.cl/dsign/cgi/sdoc.exe/sdoc/document?id=NHzCH1qTYtcr60GtpZxs5w%3D%3D
Personal a Contrata - Enero 2012;01-2012;http://firma.providencia.cl/dsign/cgi/sdoc.exe/sdoc/document?id=Irx8U4ldXdH8sIqKcm8bFg%3D%3D
Personal a Contrata - Diciembre 2011;12-2011;http://firma.providencia.cl/dsign/cgi/sdoc.exe/sdoc/document?id=9%2B4Esg3M4R8tmFvoWMGDaw%3D%3D
Personal a Contrata - Noviembre 2011;11-2011;http://firma.providencia.cl/dsign/cgi/sdoc.exe/sdoc/document?id=QQbYOJ%2BH2X%2BEAxgBOv%2F8FA%3D%3D
Personal a Contrata - Octubre 2011;10-2011;http://firma.providencia.cl/dsign/cgi/sdoc.exe/sdoc/document?id=mzcmgSoyo6BcR1zt9of6aQ%3D%3D
Personal a Contrata - Septiembre 2011;09-2011;http://firma.providencia.cl/dsign/cgi/sdoc.exe/sdoc/document?id=Zxx1%2F5NJb42auknjgZBZCg%3D%3D
Personal a Contrata - Agosto 2011;08-2011;http://firma.providencia.cl/dsign/cgi/sdoc.exe/sdoc/document?id=frjUGo1egp8XgztjRuDQtA%3D%3D
Personal a Contrata - Julio 2011;07-2011;http://firma.providencia.cl/dsign/cgi/sdoc.exe/sdoc/document?id=CKhuFjEB0s5SFw5BG%2Fkshg%3D%3D
Personal a Contrata - Junio 2011;06-2011;http://firma.providencia.cl/dsign/cgi/sdoc.exe/sdoc/document?id=fCNjAR5absPBwhrq2OpVBA%3D%3D
Personal Contrata - Mayo 2011;05-2011;http://firma.providencia.cl/dsign/cgi/sdoc.exe/sdoc/document?id=YzkJ5X2GU91F6GIR1D%2BERg%3D%3D
Personal Contrata - Abril 2011;04-2011;http://firma.providencia.cl/dsign/cgi/sdoc.exe/sdoc/document?id=ZAuIhYAxKR2bJnOT%2B%2B0lgw%3D%3D
Personal Contrata - Marzo 2011;03-2011;http://firma.providencia.cl/dsign/cgi/sdoc.exe/sdoc/document?id=1XLAdRBomzVeG3RllUK%2FKg%3D%3D
Personal de Contrata - Febrero 2011;02-2011;http://firma.providencia.cl/dsign/cgi/sdoc.exe/sdoc/document?id=3C1B7jHkG%2FUl5iSFnetNtw%3D%3D
"Personal Contrata - Enero 2011 ";01-2011;http://firma.providencia.cl/dsign/cgi/sdoc.exe/sdoc/document?id=QMrHU%2BNf2uaAjNyMOkZ3MA%3D%3D
Personal Contrata - Diciembre 2010;12-2010;http://firma.providencia.cl/dsign/cgi/sdoc.exe/sdoc/document?id=pKWxv0oEXnxNDTHkRD85mA%3D%3D
Personal Contrata - Noviembre 2010;11-2010;http://firma.providencia.cl/dsign/cgi/sdoc.exe/sdoc/document?id=n8eab3dyIesnkn8KZGHiuQ%3D%3D
Personal Contrata - Octubre 2010;10-2010;http://firma.providencia.cl/dsign/cgi/sdoc.exe/sdoc/document?id=SG7RKjJYtVxjVHcLjRvmwA%3D%3D
Personal Contrata - Septiembre 2010;09-2010;http://firma.providencia.cl/dsign/cgi/sdoc.exe/sdoc/document?id=%2BIk4T%2BioDqWdzd8SOIcPEw%3D%3D
Personal Contrata - Agosto 2010;08-2010;http://firma.providencia.cl/dsign/cgi/sdoc.exe/sdoc/document?id=llQn2XEDrELfEsRQ8FLZVA%3D%3D
Personal Contrata - Julio 2010;07-2010;http://firma.providencia.cl/dsign/cgi/sdoc.exe/sdoc/document?id=6YRkRrMX6IABX2R86tw3Yw%3D%3D
Personal Contrata - Junio 2010;06-2010;http://firma.providencia.cl/dsign/cgi/sdoc.exe/sdoc/document?id=UOqbYcZNuVY9jAUumNYPhA%3D%3D
Personal Contrata - Mayo 2010;05-2010;http://firma.providencia.cl/dsign/cgi/sdoc.exe/sdoc/document?id=fDrxbiMfmzrxIY91R%2F07rg%3D%3D
Personal Contrata - Abril 2010;04-2010;http://firma.providencia.cl/dsign/cgi/sdoc.exe/sdoc/document?id=9a%2Fon%2F%2B8ZFMtuLu5zs%2FTqg%3D%3D
Personal Contrata - Marzo 2010;03-2010;http://firma.providencia.cl/dsign/cgi/sdoc.exe/sdoc/document?id=RxTNJN8WmHm9osc7UfwVsw%3D%3D
Personal a Contrata - Febrero 2010;02-2010;http://firma.providencia.cl/dsign/cgi/sdoc.exe/sdoc/document?id=Gvmq31onUBPvJdO2DAOd7A%3D%3D
Personal Contrata - Enero 2010;01-2010;http://firma.providencia.cl/dsign/cgi/sdoc.exe/sdoc/document?id=UAPtg5Yttfph2h0247yHbA%3D%3D
Personal a Contrata - Diciembre 2009;12-2009;http://firma.providencia.cl/dsign/cgi/sdoc.exe/sdoc/document?id=qyHQYXAcn%2BF1Ov4hZHbFtg%3D%3D
Personal Contrata - Noviembre 2009;11-2009;http://firma.providencia.cl/dsign/cgi/sdoc.exe/sdoc/document?id=UH6yVuRDa6hUoYZWa%2FAeyw%3D%3D
Personal Contrata - Octubre 2009;10-2009;http://firma.providencia.cl/dsign/cgi/sdoc.exe/sdoc/document?id=JKRDNcmTAUQr%2BLakTp295Q%3D%3D
Personal Contrata - Septiembre 2009;09-2009;http://firma.providencia.cl/dsign/cgi/sdoc.exe/sdoc/document?id=aZZCcLVXs3rP4sVM6hOF%2FQ%3D%3D
Personal Contrata - Agosto 2009;08-2009;http://firma.providencia.cl/dsign/cgi/sdoc.exe/sdoc/document?id=ZB32A7t6Xu6ye%2FOeWyv%2FLQ%3D%3D
Personal Contrata - Julio 2009;07-2009;http://firma.providencia.cl/dsign/cgi/sdoc.exe/sdoc/document?id=v3ZXuhWQhhVdvrtB7T62uQ%3D%3D
Personal Contrata - Junio 2009;06-2009;http://firma.providencia.cl/dsign/cgi/sdoc.exe/sdoc/document?id=H7CMo89WbUKSfNNaXNKCLA%3D%3D
Personal Contrata - Mayo 2009;05-2009;http://firma.providencia.cl/dsign/cgi/sdoc.exe/sdoc/document?id=KDLr4QzfVCY2Mq4MqUz4XQ%3D%3D
Personal Contrata - Abril 2009;04-2009;http://firma.providencia.cl/dsign/cgi/sdoc.exe/sdoc/document?id=OLSmnpC0fI2KNFEQPLjMtA%3D%3D
Personal  Contrata  - Marzo 2009;03-2009;http://firma.providencia.cl/dsign/cgi/sdoc.exe/sdoc/document?id=XfIsZfLCMo6ga8kw9LaFUQ%3D%3D
